id,first_name,last_name,email,gender,ip_address
1,Matthew,Allen,mallen0@cam.ac.uk,Male,61.209.177.34
2,Robert,Nichols,rnichols1@delicious.com,Male,176.44.68.92
3,Janet,Howard,jhoward2@vkontakte.ru,Female,50.81.134.15
4,Diana,Olson,dolson3@csmonitor.com,Female,176.8.19.165
5,Bobby,Gonzales,bgonzales4@netscape.com,Male,91.165.15.174
6,Janet,Baker,jbaker5@alibaba.com,Female,77.145.196.52
7,Elizabeth,Dunn,edunn6@last.fm,Female,129.154.237.212
8,Beverly,Lynch,blynch7@yandex.ru,Female,174.210.190.173
9,Rachel,Flores,rflores8@bravesites.com,Female,204.2.142.51
10,Andrea,Ryan,aryan9@cdbaby.com,Female,205.109.29.87
11,Julia,Jackson,jjacksona@ucoz.ru,Female,98.103.127.240
12,Richard,Lewis,rlewisb@businessweek.com,Male,63.217.156.4
13,Charles,Gordon,cgordonc@lulu.com,Male,35.37.133.88
14,Helen,Myers,hmyersd@aol.com,Female,82.112.236.85
15,Kathy,Nichols,knicholse@tmall.com,,151.44.178.180
16,Anna,Lawson,alawsonf@friendfeed.com,Female,54.253.7.40
17,Wayne,Kennedy,wkennedyg@prlog.org,Male,41.107.165.160
18,Scott,Griffin,sgriffinh@drupal.org,Male,25.184.84.222
19,Louise,Hawkins,lhawkinsi@google.ru,Female,43.74.162.48
20,Amanda,Armstrong,aarmstrongj@instagram.com,Female,
21,Katherine,Little,klittlek@house.gov,Female,229.178.226.135
22,Bonnie,Parker,bparkerl@sourceforge.net,Female,145.28.171.206
23,Julia,Matthews,jmatthewsm@irs.gov,Female,6.236.14.54
24,Wanda,Knight,,Female,3.173.46.201
25,David,Banks,dbankso@apache.org,Male,234.97.242.91
26,Steve,Bryant,sbryantp@scientificamerican.com,Male,9.116.193.164
27,Joseph,Flores,jfloresq@4shared.com,Male,235.99.34.191
28,Antonio,Lynch,alynchr@flickr.com,Male,110.244.243.78
29,Earl,Powell,epowells@sbwire.com,Male,255.33.247.152
30,Julia,Banks,jbankst@msn.com,Female,250.21.204.130
31,Louise,Brooks,lbrooksu@linkedin.com,Female,
32,Virginia,King,vkingv@vinaora.com,Female,220.255.234.65
33,Laura,,lrichardsonw@loc.gov,Female,56.193.116.28
34,Johnny,Romero,jromerox@engadget.com,Male,116.143.190.161
35,Sean,Fowler,sfowlery@amazonaws.com,Male,69.176.148.15
36,Donald,Morris,dmorrisz@yale.edu,Male,
37,Timothy,Carter,tcarter10@indiatimes.com,Male,56.198.101.198
38,Harry,Walker,hwalker11@ovh.net,Male,238.123.232.101
39,Christina,James,cjames12@ucla.edu,Female,214.32.254.33
40,Gregory,Cole,gcole13@shinystat.com,Male,192.153.133.99
41,Randy,Fowler,rfowler14@shareasale.com,Male,145.215.60.40
42,Mark,Murphy,,Male,246.159.56.3
43,Timothy,Jenkins,tjenkins16@nhs.uk,Male,171.239.142.218
44,Philip,Fox,pfox17@chron.com,Male,255.39.193.215
45,Daniel,Schmidt,dschmidt18@nature.com,Male,68.9.180.72
46,Earl,Shaw,eshaw19@arizona.edu,Male,23.26.85.228
47,Billy,Burns,bburns1a@networkadvertising.org,Male,37.122.172.179
48,Jeremy,Ford,,Male,247.18.242.120
49,Carlos,Shaw,cshaw1c@nytimes.com,Male,234.202.62.127
50,Victor,Kelly,vkelly1d@google.cn,Male,97.89.30.150
51,Craig,Wells,cwells1e@ning.com,Male,138.39.247.103
52,Arthur,Gray,agray1f@fotki.com,Male,202.246.234.19
53,Victor,Howard,vhoward1g@home.pl,Male,111.76.43.200
54,Jack,,jwilliams1h@cam.ac.uk,Male,85.134.40.98
55,Michelle,Scott,mscott1i@forbes.com,Female,116.90.135.41
56,Howard,Watson,hwatson1j@squidoo.com,Male,181.232.125.188
57,,Schmidt,aschmidt1k@google.co.jp,Female,147.54.68.84
58,Wanda,Stanley,wstanley1l@addthis.com,Female,254.84.219.247
59,Phyllis,Taylor,ptaylor1m@ezinearticles.com,Female,127.164.213.206
60,Clarence,Hamilton,chamilton1n@alibaba.com,Male,164.41.230.66
61,Fred,Lawrence,flawrence1o@tinypic.com,Male,132.7.86.243
62,John,Rivera,jrivera1p@bizjournals.com,Male,249.57.173.203
63,Eugene,,elittle1q@amazon.de,Male,113.171.170.159
64,Jane,Crawford,jcrawford1r@360.cn,Female,
65,Donna,White,dwhite1s@sbwire.com,Female,69.99.175.29
66,Amy,Cruz,acruz1t@hexun.com,Female,89.159.95.11
67,Jerry,,jgutierrez1u@so-net.ne.jp,Male,70.144.143.221
68,Bobby,Schmidt,bschmidt1v@meetup.com,Male,11.133.167.174
69,Rose,,rromero1w@blogtalkradio.com,Female,255.177.109.61
70,Diana,Burns,dburns1x@multiply.com,Female,119.32.29.118
71,,Stanley,jstanley1y@aol.com,Male,13.118.37.127
72,Todd,Murphy,tmurphy1z@about.com,Male,22.151.172.191
73,,Richardson,brichardson20@yelp.com,Male,237.186.234.198
74,Ruby,Adams,radams21@csmonitor.com,Female,182.250.19.210
75,Mary,Burke,mburke22@bigcartel.com,Female,162.48.175.102
76,Shirley,Black,sblack23@dmoz.org,Female,31.184.78.191
77,Phillip,Ross,pross24@constantcontact.com,Male,206.187.6.227
78,Christine,Andrews,candrews25@samsung.com,Female,
79,Bruce,Evans,bevans26@friendfeed.com,Male,137.20.209.139
80,Julie,Ellis,jellis27@ucoz.ru,Female,19.224.51.238
81,Carol,Medina,cmedina28@adobe.com,Female,90.115.58.182
82,David,Morrison,dmorrison29@technorati.com,Male,50.193.58.205
83,Christina,Richards,crichards2a@wsj.com,Female,
84,Frank,Armstrong,farmstrong2b@cbslocal.com,Male,56.8.72.136
85,Rose,Johnson,rjohnson2c@qq.com,Female,
86,Norma,Stevens,nstevens2d@t-online.de,Female,36.49.237.4
87,Keith,,knelson2e@ameblo.jp,Male,118.163.183.148
88,Raymond,Kennedy,rkennedy2f@netvibes.com,Male,219.40.7.177
89,Peter,Dunn,pdunn2g@infoseek.co.jp,Male,185.132.13.46
90,Joyce,Rogers,jrogers2h@plala.or.jp,Female,78.245.216.210
91,Amy,Mcdonald,amcdonald2i@ow.ly,Female,178.149.179.18
92,Lillian,Simmons,lsimmons2j@altervista.org,Female,53.240.166.72
93,Benjamin,,bbailey2k@pcworld.com,Male,15.86.82.28
94,Anthony,Riley,ariley2l@ehow.com,Male,244.178.128.235
95,Susan,Gutierrez,sgutierrez2m@usda.gov,Female,118.215.239.181
96,Pamela,Gibson,pgibson2n@umn.edu,Female,135.47.5.159
97,Annie,Smith,asmith2o@nps.gov,Female,194.29.152.74
98,Jacqueline,Clark,jclark2p@senate.gov,Female,23.232.238.167
99,Bonnie,Moore,,Female,199.160.176.43
100,Brenda,Reynolds,breynolds2r@homestead.com,Female,168.16.14.183
101,Doris,,dbrooks2s@umich.edu,Female,161.72.61.104
102,Kelly,,kscott2t@cmu.edu,Female,90.109.118.209
103,Anne,Wilson,awilson2u@ning.com,Female,117.27.71.48
104,Angela,Schmidt,aschmidt2v@virginia.edu,Female,62.156.218.14
105,Shawn,Butler,sbutler2w@apple.com,Male,154.188.198.20
106,Stephen,Arnold,sarnold2x@diigo.com,Male,6.244.113.3
107,Linda,,lramos2y@cnet.com,Female,88.34.151.192
108,Johnny,Jacobs,jjacobs2z@istockphoto.com,Male,11.229.190.158
109,Richard,Moreno,rmoreno30@naver.com,Male,248.104.163.145
110,Kevin,Powell,kpowell31@eepurl.com,Male,43.125.16.219
111,Rachel,Flores,rflores32@usgs.gov,Female,95.248.105.129
112,Dennis,Ward,dward33@geocities.com,Male,245.66.203.155
113,Larry,Smith,lsmith34@washingtonpost.com,Male,231.119.204.76
114,Diane,Kennedy,dkennedy35@barnesandnoble.com,Female,145.145.146.53
115,Louise,Patterson,lpatterson36@4shared.com,Female,120.207.203.7
116,,Nguyen,gnguyen37@hhs.gov,,138.239.94.173
117,Julie,,jcole38@forbes.com,Female,104.122.209.124
118,Timothy,Payne,tpayne39@cdc.gov,Male,222.14.70.224
119,,Hart,whart3a@constantcontact.com,Male,149.39.57.120
120,Sharon,Weaver,sweaver3b@yahoo.co.jp,Female,32.1.241.112
121,Christopher,Holmes,cholmes3c@clickbank.net,Male,
122,Harold,Wheeler,hwheeler3d@so-net.ne.jp,Male,
123,Paula,Smith,psmith3e@exblog.jp,Female,43.81.155.106
124,Andrew,Reid,areid3f@toplist.cz,Male,146.241.184.41
125,Nicholas,Davis,ndavis3g@shop-pro.jp,Male,164.22.28.44
126,Marie,Fuller,mfuller3h@yolasite.com,Female,17.251.49.31
127,Sean,Knight,sknight3i@prweb.com,Male,2.234.228.81
128,Aaron,Lawrence,alawrence3j@slashdot.org,Male,217.235.30.75
129,Ann,,acox3k@trellian.com,Female,218.253.223.83
130,Paula,,pfreeman3l@wix.com,Female,231.216.140.198
131,Frank,,fmendoza3m@columbia.edu,Male,208.72.170.122
132,Russell,,rrose3n@miitbeian.gov.cn,Male,
133,Clarence,Rogers,crogers3o@wired.com,Male,104.175.194.232
134,Jimmy,Dunn,jdunn3p@statcounter.com,Male,49.33.226.246
135,Shirley,Banks,sbanks3q@youtu.be,Female,23.252.41.98
136,Judy,Perkins,jperkins3r@slashdot.org,Female,93.156.124.131
137,Rebecca,James,rjames3s@friendfeed.com,Female,227.15.238.129
138,Terry,Wallace,twallace3t@goo.gl,Male,9.130.39.149
139,Larry,Gilbert,lgilbert3u@mysql.com,Male,211.136.138.107
140,Mildred,,mspencer3v@cnn.com,Female,176.51.30.195
141,Stephen,Duncan,sduncan3w@squarespace.com,Male,226.106.57.232
142,Jack,Perry,jperry3x@jigsy.com,Male,94.27.26.73
143,Walter,George,wgeorge3y@google.co.uk,Male,42.144.102.179
144,Cheryl,Morrison,cmorrison3z@army.mil,Female,241.117.74.240
145,Steven,Fernandez,sfernandez40@seattletimes.com,Male,54.64.85.167
146,Kathleen,Kim,,Female,182.172.9.23
147,Benjamin,Gutierrez,bgutierrez42@barnesandnoble.com,Male,
148,,Daniels,mdaniels43@apache.org,Male,178.155.29.104
149,John,Washington,jwashington44@springer.com,Male,67.160.51.84
150,,Howell,dhowell45@blogs.com,Male,151.29.231.156
151,Brenda,Spencer,bspencer46@123-reg.co.uk,Female,206.55.231.83
152,James,Diaz,jdiaz47@nature.com,,56.182.136.249
153,Willie,Brown,wbrown48@comsenz.com,Male,235.66.149.239
154,Shawn,Berry,sberry49@dell.com,Male,82.193.195.233
155,Gerald,Alvarez,galvarez4a@facebook.com,Male,65.185.171.251
156,Stephanie,Payne,spayne4b@cnet.com,Female,145.30.101.209
157,Amanda,,ariley4c@pbs.org,Female,6.31.32.13
158,Annie,Greene,agreene4d@adobe.com,Female,147.176.156.156
159,Louise,Mills,lmills4e@washington.edu,Female,70.128.211.161
160,Clarence,Holmes,cholmes4f@google.pl,Male,108.9.29.96
161,Irene,Watson,iwatson4g@1und1.de,Female,12.179.162.161
162,Denise,Gonzales,dgonzales4h@rakuten.co.jp,Female,197.206.70.29
163,Lisa,Cunningham,lcunningham4i@youtu.be,Female,7.169.58.248
164,Earl,Rivera,erivera4j@hud.gov,Male,220.93.156.120
165,Lisa,,lfernandez4k@macromedia.com,Female,88.91.149.85
166,Fred,Gonzales,fgonzales4l@msn.com,,170.152.253.31
167,Brian,Fowler,bfowler4m@sakura.ne.jp,Male,
168,Gregory,Hughes,ghughes4n@ow.ly,Male,167.112.253.138
169,Beverly,Reed,breed4o@nasa.gov,Female,155.146.19.36
170,Louise,Williamson,lwilliamson4p@friendfeed.com,,3.37.75.127
171,Wanda,Gonzales,wgonzales4q@ucoz.ru,Female,236.6.215.18
172,Kenneth,Wallace,kwallace4r@craigslist.org,Male,113.215.52.121
173,Lori,,lkelly4s@squarespace.com,Female,15.140.11.227
174,Richard,King,rking4t@loc.gov,Male,58.101.125.231
175,Amy,Carr,,Female,160.168.229.111
176,Thomas,Gibson,tgibson4v@mayoclinic.com,Male,
177,Robin,Andrews,randrews4w@ustream.tv,Female,216.54.9.170
178,Raymond,,rgriffin4x@twitpic.com,Male,196.184.0.137
179,Aaron,Wilson,awilson4y@bigcartel.com,Male,45.170.22.93
180,Louise,Garcia,lgarcia4z@rambler.ru,Female,167.30.166.23
181,Lisa,Elliott,lelliott50@icio.us,Female,77.110.81.120
182,Andrea,Jackson,ajackson51@archive.org,Female,160.142.183.136
183,Betty,Robertson,brobertson52@opera.com,Female,175.174.228.178
184,Emily,Shaw,eshaw53@alibaba.com,Female,58.121.207.35
185,Amy,Cooper,acooper54@eventbrite.com,Female,73.15.190.85
186,Susan,Castillo,scastillo55@msu.edu,Female,164.129.26.247
187,Cynthia,Riley,criley56@rambler.ru,Female,75.116.174.188
188,Frances,Robinson,frobinson57@com.com,Female,169.10.6.121
189,Martha,Burke,mburke58@fastcompany.com,Female,144.35.249.160
190,Irene,Sanchez,isanchez59@i2i.jp,Female,107.217.37.220
191,Richard,Shaw,rshaw5a@fotki.com,,221.223.96.128
192,Donald,Carpenter,dcarpenter5b@aol.com,Male,107.202.141.255
193,Randy,Carroll,rcarroll5c@blog.com,Male,80.6.209.168
194,Katherine,Reynolds,kreynolds5d@mlb.com,Female,195.1.168.245
195,Roy,,rcook5e@prweb.com,Male,23.151.157.160
196,Jesse,Evans,jevans5f@constantcontact.com,Male,61.45.158.208
197,George,Watson,gwatson5g@newsvine.com,Male,134.87.49.61
198,Ashley,West,awest5h@behance.net,Female,160.240.158.175
199,Craig,Carr,ccarr5i@independent.co.uk,Male,227.163.126.100
200,Brenda,Olson,bolson5j@fda.gov,Female,166.105.76.38
201,Terry,Rivera,trivera5k@fda.gov,Male,198.244.225.112
202,Jose,Bradley,jbradley5l@csmonitor.com,Male,21.209.224.154
203,Jose,George,jgeorge5m@usgs.gov,Male,174.157.97.1
204,Victor,Evans,vevans5n@guardian.co.uk,Male,97.1.78.198
205,Stephanie,Ray,sray5o@adobe.com,Female,194.1.188.71
206,Ruby,Welch,rwelch5p@usgs.gov,Female,227.136.145.23
207,Randy,Payne,rpayne5q@constantcontact.com,Male,40.247.244.187
208,Scott,Walker,swalker5r@pagesperso-orange.fr,Male,245.111.211.128
209,Henry,Butler,hbutler5s@canalblog.com,Male,141.75.74.133
210,Heather,,hwatson5t@thetimes.co.uk,Female,37.209.154.157
211,Ann,Cole,acole5u@aol.com,Female,0.247.161.77
212,Craig,Powell,,Male,
213,Maria,Wilson,,Female,192.69.148.244
214,Peter,Medina,pmedina5x@taobao.com,Male,185.152.77.83
215,Carlos,Frazier,cfrazier5y@zimbio.com,Male,58.208.122.143
216,Laura,Hughes,lhughes5z@spotify.com,Female,1.240.246.48
217,Shawn,Hunt,shunt60@drupal.org,Male,4.3.216.100
218,Earl,Mendoza,emendoza61@fc2.com,Male,74.158.51.227
219,Sean,Andrews,,Male,116.190.217.237
220,Shawn,Warren,swarren63@wikipedia.org,Male,35.212.211.109
221,Todd,,,Male,117.246.210.115
222,Melissa,Russell,mrussell65@statcounter.com,Female,233.127.9.84
223,Betty,Mccoy,bmccoy66@51.la,Female,34.179.85.162
224,John,Mendoza,jmendoza67@posterous.com,Male,24.64.230.193
225,Steve,Carpenter,scarpenter68@sohu.com,Male,221.144.107.150
226,Karen,Lee,klee69@theguardian.com,Female,133.107.180.141
227,Frances,Washington,fwashington6a@pen.io,Female,170.14.244.142
228,Clarence,King,cking6b@usda.gov,Male,111.252.62.187
229,Debra,,dreynolds6c@seesaa.net,Female,181.215.64.154
230,Aaron,Robinson,arobinson6d@technorati.com,Male,24.193.216.95
231,Robert,Myers,rmyers6e@umn.edu,Male,19.175.53.133
232,Sarah,Carpenter,scarpenter6f@google.ca,Female,163.234.167.149
233,Jesse,,jramirez6g@berkeley.edu,Male,35.79.249.92
234,Jane,Snyder,jsnyder6h@multiply.com,Female,183.223.203.152
235,,Kelley,rkelley6i@fastcompany.com,Female,209.118.153.137
236,Gary,Snyder,gsnyder6j@privacy.gov.au,Male,
237,Albert,Welch,awelch6k@google.it,Male,34.222.36.246
238,Alice,Gutierrez,agutierrez6l@topsy.com,Female,164.231.101.223
239,Douglas,Brooks,dbrooks6m@drupal.org,Male,152.181.169.88
240,Justin,Jackson,jjackson6n@nbcnews.com,Male,68.174.58.39
241,Catherine,Taylor,ctaylor6o@bravesites.com,Female,173.210.235.159
242,Barbara,Walker,bwalker6p@arizona.edu,Female,71.75.182.141
243,Wanda,,wlarson6q@xrea.com,Female,30.49.73.3
244,George,Diaz,gdiaz6r@deliciousdays.com,Male,177.243.138.181
245,Frances,Evans,fevans6s@hatena.ne.jp,Female,18.254.186.27
246,Scott,Robertson,srobertson6t@sina.com.cn,Male,254.134.60.15
247,Beverly,,bwood6u@fotki.com,Female,28.40.203.193
248,Robert,,rsanchez6v@devhub.com,Male,153.65.158.38
249,Ralph,Reid,rreid6w@acquirethisname.com,Male,
250,Shirley,Chavez,schavez6x@meetup.com,Female,64.134.28.30
251,Gerald,Perry,gperry6y@reddit.com,Male,252.211.192.192
252,Gregory,Collins,gcollins6z@ebay.co.uk,Male,149.27.86.177
253,Phillip,Wells,pwells70@state.tx.us,Male,59.208.69.75
254,Lillian,Jackson,ljackson71@odnoklassniki.ru,Female,173.87.228.125
255,Jeremy,Hudson,jhudson72@friendfeed.com,Male,123.111.227.198
256,Harry,Brooks,hbrooks73@comsenz.com,Male,121.50.143.43
257,Lori,Carter,lcarter74@e-recht24.de,Female,177.198.94.186
258,Rachel,Gutierrez,rgutierrez75@alibaba.com,Female,79.231.198.18
259,Janet,Lawson,jlawson76@arstechnica.com,Female,116.104.33.166
260,Russell,Davis,rdavis77@deliciousdays.com,Male,221.46.103.54
261,Larry,Reed,lreed78@trellian.com,Male,240.93.75.65
262,Carolyn,Torres,ctorres79@reuters.com,Female,120.24.72.201
263,Wayne,,wporter7a@army.mil,Male,40.212.177.29
264,Jane,James,jjames7b@prweb.com,Female,190.207.13.189
265,Robert,Welch,rwelch7c@barnesandnoble.com,Male,121.9.150.221
266,Sean,,swilliams7d@de.vu,Male,34.157.61.122
267,Walter,Ford,wford7e@quantcast.com,Male,174.11.185.112
268,David,Palmer,dpalmer7f@oakley.com,Male,41.38.15.6
269,Rose,Fuller,rfuller7g@linkedin.com,Female,22.121.121.145
270,Elizabeth,George,egeorge7h@dot.gov,Female,182.87.53.223
271,Carol,Lawson,clawson7i@icq.com,Female,144.65.111.245
272,Ronald,Dunn,rdunn7j@nyu.edu,Male,50.159.110.93
273,Earl,,emeyer7k@techcrunch.com,Male,126.229.38.174
274,Rose,Gibson,rgibson7l@friendfeed.com,Female,40.172.95.44
275,Stephen,Garcia,sgarcia7m@yandex.ru,Male,109.76.237.35
276,Phyllis,,pcruz7n@ted.com,Female,113.91.179.241
277,Joshua,Davis,jdavis7o@list-manage.com,Male,116.194.92.216
278,Cynthia,Weaver,cweaver7p@google.co.uk,Female,153.113.183.207
279,Norma,Butler,nbutler7q@cisco.com,Female,74.103.72.25
280,Victor,Jackson,vjackson7r@prnewswire.com,Male,163.164.238.216
281,Julia,,jross7s@newyorker.com,Female,49.115.213.102
282,Benjamin,Webb,bwebb7t@wsj.com,Male,170.174.80.224
283,Deborah,,djohnson7u@elegantthemes.com,Female,200.16.123.118
284,Jane,Grant,jgrant7v@clickbank.net,,191.121.44.5
285,Jeremy,Woods,jwoods7w@bbb.org,Male,226.142.143.8
286,Bonnie,Sims,bsims7x@guardian.co.uk,Female,
287,Ronald,,rgibson7y@fotki.com,Male,18.120.200.25
288,Sean,Porter,sporter7z@chron.com,Male,255.52.252.218
289,Christopher,Moreno,cmoreno80@webs.com,,186.87.108.119
290,Theresa,Mcdonald,tmcdonald81@canalblog.com,Female,46.198.182.173
291,Ryan,Porter,rporter82@photobucket.com,Male,249.27.233.59
292,Joan,Scott,jscott83@go.com,Female,207.22.176.196
293,Willie,Fisher,wfisher84@yahoo.com,Male,133.83.146.91
294,Russell,Ryan,rryan85@jugem.jp,Male,213.243.193.199
295,Aaron,Gonzales,agonzales86@hc360.com,Male,1.69.26.134
296,Roger,Richards,rrichards87@4shared.com,Male,99.121.31.129
297,Harry,Spencer,hspencer88@usda.gov,Male,224.211.207.16
298,Gerald,Garza,ggarza89@shareasale.com,Male,
299,Irene,,ilane8a@odnoklassniki.ru,Female,172.123.25.85
300,Sara,Simpson,ssimpson8b@friendfeed.com,,196.155.199.101
301,Scott,Cunningham,scunningham8c@vimeo.com,Male,160.133.117.169
302,Diane,Alexander,dalexander8d@ehow.com,Female,23.111.118.120
303,Bonnie,Banks,bbanks8e@noaa.gov,Female,64.136.167.244
304,Randy,Simpson,rsimpson8f@geocities.com,Male,212.230.220.81
305,Shirley,Hayes,shayes8g@auda.org.au,Female,129.235.215.136
306,Tammy,Clark,tclark8h@aboutads.info,Female,109.143.1.203
307,Adam,Walker,awalker8i@columbia.edu,,203.38.26.100
308,Carlos,Kelly,ckelly8j@bing.com,Male,
309,Clarence,Howell,chowell8k@webnode.com,Male,22.176.243.180
310,Randy,Matthews,rmatthews8l@xrea.com,Male,57.151.69.54
311,Kevin,Dixon,kdixon8m@wikipedia.org,Male,219.231.127.145
312,Cynthia,Garcia,cgarcia8n@smh.com.au,Female,126.106.242.254
313,Philip,Reid,preid8o@ftc.gov,Male,146.218.233.191
314,Kimberly,Patterson,kpatterson8p@umn.edu,Female,50.203.13.58
315,Amanda,,abradley8q@hostgator.com,Female,194.82.66.90
316,William,,wbailey8r@gnu.org,Male,59.72.63.123
317,Katherine,Sims,ksims8s@mit.edu,Female,
318,Chris,Larson,clarson8t@cpanel.net,Male,24.254.93.152
319,Elizabeth,Smith,esmith8u@imdb.com,Female,7.167.228.44
320,Anthony,Harper,aharper8v@google.pl,Male,226.61.47.98
321,Shawn,Sanchez,ssanchez8w@hubpages.com,Male,191.181.69.227
322,Amanda,Myers,amyers8x@scribd.com,Female,24.202.101.105
323,Diana,Mitchell,dmitchell8y@flavors.me,Female,207.245.195.226
324,Samuel,Butler,sbutler8z@mtv.com,Male,116.97.21.213
325,Albert,Hart,ahart90@goo.gl,Male,165.195.217.153
326,Juan,Franklin,jfranklin91@theglobeandmail.com,Male,5.199.150.161
327,Joshua,Andrews,jandrews92@businessinsider.com,Male,185.16.183.40
328,Robin,Miller,rmiller93@time.com,Female,91.197.110.163
329,Jessica,Ford,jford94@spotify.com,Female,89.173.20.178
330,Virginia,Rose,vrose95@chicagotribune.com,Female,77.202.227.175
331,Randy,Franklin,rfranklin96@springer.com,Male,66.31.110.145
332,Craig,Carpenter,ccarpenter97@google.de,Male,57.234.225.184
333,Kathryn,Henry,khenry98@phoca.cz,Female,220.87.37.132
334,Gregory,Reynolds,,Male,219.72.132.81
335,Steve,Morris,smorris9a@hugedomains.com,Male,248.46.84.201
336,Adam,Barnes,abarnes9b@mac.com,Male,136.166.212.225
337,Russell,Smith,rsmith9c@adobe.com,Male,132.167.49.134
338,Frank,Weaver,fweaver9d@businesswire.com,Male,11.145.252.157
339,Julia,Shaw,jshaw9e@booking.com,Female,237.152.76.25
340,Richard,Kim,,Male,79.144.6.135
341,Earl,Hicks,ehicks9g@hao123.com,Male,223.238.24.121
342,Jonathan,Chavez,jchavez9h@yandex.ru,Male,224.118.147.177
343,Edward,Watson,ewatson9i@addtoany.com,Male,213.208.71.143
344,Debra,Dixon,ddixon9j@noaa.gov,Female,1.116.23.211
345,Nicole,Powell,npowell9k@free.fr,Female,116.2.117.125
346,Phillip,Bishop,pbishop9l@tripadvisor.com,Male,8.239.193.137
347,Nicole,Watson,nwatson9m@flickr.com,Female,57.143.228.80
348,Mark,Stanley,mstanley9n@yelp.com,Male,225.162.149.31
349,,Gilbert,ggilbert9o@shop-pro.jp,Male,49.238.110.3
350,Chris,Henry,chenry9p@redcross.org,Male,4.229.200.172
351,Kathleen,Murphy,kmurphy9q@people.com.cn,Female,31.239.168.22
352,Russell,Garrett,rgarrett9r@lycos.com,Male,76.154.209.96
353,Ronald,Moreno,rmoreno9s@shinystat.com,Male,86.162.133.40
354,Ashley,Lane,alane9t@stanford.edu,Female,234.201.188.12
355,Norma,Riley,nriley9u@google.fr,Female,210.245.70.247
356,Brandon,Franklin,bfranklin9v@un.org,Male,18.228.205.208
357,Adam,Carter,acarter9w@bloglovin.com,,97.129.76.153
358,,Hawkins,thawkins9x@bing.com,Male,150.184.92.56
359,Eric,,espencer9y@fastcompany.com,Male,112.205.91.24
360,Ralph,Chavez,rchavez9z@businessweek.com,,26.6.125.150
361,Janice,Berry,,Female,142.1.90.147
362,Fred,Weaver,fweavera1@usatoday.com,Male,166.181.227.211
363,Matthew,Clark,mclarka2@harvard.edu,Male,201.127.114.123
364,Brian,Hicks,bhicksa3@harvard.edu,Male,88.70.195.211
365,Betty,Patterson,bpattersona4@jalbum.net,Female,125.221.248.189
366,Howard,Shaw,,Male,70.61.20.246
367,Clarence,Cunningham,ccunninghama6@wikispaces.com,Male,38.226.10.66
368,Ruth,Cook,rcooka7@edublogs.org,Female,152.86.12.98
369,Lisa,Welch,lwelcha8@moonfruit.com,Female,120.245.52.119
370,Jack,,jlawsona9@joomla.org,Male,47.28.249.163
371,Amy,Hill,ahillaa@dell.com,Female,192.178.188.190
372,Jason,Dunn,jdunnab@freewebs.com,Male,35.210.66.87
373,Karen,Henderson,khendersonac@dot.gov,Female,233.137.153.236
374,Stephanie,Miller,smillerad@purevolume.com,Female,92.161.132.12
375,Kevin,Rogers,krogersae@blogs.com,Male,252.37.207.194
376,Billy,Green,,Male,45.33.95.73
377,Emily,Snyder,esnyderag@bloomberg.com,Female,48.167.218.2
378,Ashley,Hernandez,ahernandezah@flickr.com,Female,42.100.241.93
379,Eugene,Nelson,enelsonai@soundcloud.com,Male,204.65.97.141
380,Kathy,Fisher,kfisheraj@washingtonpost.com,Female,141.34.44.111
381,Marilyn,Diaz,mdiazak@parallels.com,Female,61.145.188.227
382,Roger,,rmartinezal@delicious.com,Male,181.154.131.37
383,Albert,Gordon,agordonam@dion.ne.jp,Male,99.225.191.67
384,Ruby,Murray,rmurrayan@aol.com,Female,247.184.77.10
385,Diana,White,dwhiteao@cocolog-nifty.com,Female,203.103.183.170
386,Sandra,,sjacksonap@freewebs.com,Female,
387,Mary,,mscottaq@myspace.com,Female,188.12.109.71
388,John,Moreno,jmorenoar@dyndns.org,Male,212.254.139.100
389,Sara,Garcia,sgarciaas@cnn.com,Female,95.133.214.241
390,Chris,Hall,challat@taobao.com,Male,4.159.104.201
391,Patricia,Burton,pburtonau@ehow.com,Female,0.236.63.62
392,Lori,Gordon,lgordonav@issuu.com,Female,126.233.166.140
393,Lois,Pierce,lpierceaw@walmart.com,Female,118.248.36.178
394,Carlos,Stone,cstoneax@ifeng.com,Male,
395,,Weaver,nweaveray@ebay.com,Male,151.252.157.40
396,Earl,Richardson,erichardsonaz@washington.edu,Male,48.51.34.222
397,Anna,,aburtonb0@seesaa.net,Female,100.200.220.254
398,Douglas,Robinson,drobinsonb1@webnode.com,Male,251.191.49.66
399,Dorothy,Day,ddayb2@google.ca,Female,191.243.81.48
400,Barbara,Gomez,bgomezb3@hexun.com,Female,126.14.196.66
401,Mildred,Montgomery,mmontgomeryb4@google.com.br,Female,130.220.6.13
402,Joan,Cruz,,Female,184.208.44.242
403,Aaron,Henry,ahenryb6@cornell.edu,Male,143.240.9.4
404,Lois,Turner,lturnerb7@dell.com,Female,107.103.63.102
405,Norma,,nmorrisonb8@chron.com,Female,254.158.45.187
406,Kathleen,Williams,kwilliamsb9@illinois.edu,Female,191.14.27.218
407,Lawrence,Lawson,llawsonba@whitehouse.gov,Male,247.216.168.12
408,Matthew,Bishop,mbishopbb@cornell.edu,Male,54.105.188.244
409,Andrew,Murphy,amurphybc@bizjournals.com,Male,148.140.134.155
410,Timothy,Dixon,tdixonbd@symantec.com,Male,0.148.17.96
411,Todd,Hernandez,thernandezbe@kickstarter.com,Male,184.195.127.5
412,Joan,Cunningham,jcunninghambf@buzzfeed.com,Female,42.121.85.199
413,Rose,,rmurraybg@businessweek.com,Female,104.27.28.179
414,Ann,Schmidt,aschmidtbh@netscape.com,Female,11.13.47.77
415,Tina,Henry,thenrybi@1und1.de,Female,62.168.232.174
416,Sarah,Simpson,ssimpsonbj@meetup.com,Female,110.163.188.157
417,Catherine,Murphy,cmurphybk@thetimes.co.uk,Female,91.122.238.10
418,Jacqueline,,jlawrencebl@home.pl,Female,179.79.109.51
419,Martha,Hansen,mhansenbm@unblog.fr,Female,
420,Karen,,kgardnerbn@elpais.com,Female,168.224.88.217
421,Karen,Gray,kgraybo@jimdo.com,Female,68.239.245.194
422,Kathleen,Sanchez,ksanchezbp@ed.gov,Female,135.134.73.107
423,Wanda,Burns,wburnsbq@last.fm,Female,157.254.246.208
424,Bruce,Medina,bmedinabr@simplemachines.org,Male,51.120.238.88
425,Frank,,fruizbs@guardian.co.uk,Male,235.148.144.84
426,Ernest,Taylor,etaylorbt@google.ca,Male,74.176.49.119
427,Kathy,Sullivan,ksullivanbu@wikispaces.com,Female,141.58.139.243
428,Ruth,West,rwestbv@harvard.edu,Female,
429,Debra,Tucker,dtuckerbw@trellian.com,Female,49.30.182.5
430,Victor,Nguyen,vnguyenbx@va.gov,Male,119.137.175.119
431,Roger,Williams,rwilliamsby@ocn.ne.jp,Male,77.203.202.108
432,Michael,James,mjamesbz@indiatimes.com,Male,3.140.244.52
433,Timothy,Simpson,tsimpsonc0@webeden.co.uk,Male,120.74.85.163
434,Jacqueline,Wells,jwellsc1@whitehouse.gov,Female,211.104.82.237
435,Joan,Ferguson,jfergusonc2@walmart.com,Female,92.177.56.38
436,Teresa,Harvey,tharveyc3@whitehouse.gov,Female,57.162.232.128
437,Helen,George,hgeorgec4@dion.ne.jp,Female,120.232.173.52
438,Jerry,Chavez,jchavezc5@parallels.com,Male,138.24.246.197
439,Ryan,Sanchez,rsanchezc6@walmart.com,Male,66.193.9.135
440,Barbara,Diaz,bdiazc7@digg.com,Female,58.236.110.71
441,Kimberly,Cooper,kcooperc8@nih.gov,Female,120.24.162.219
442,Mildred,Johnson,mjohnsonc9@booking.com,Female,28.196.46.239
443,Cheryl,Arnold,carnoldca@umich.edu,Female,217.212.119.205
444,Sharon,Fuller,sfullercb@senate.gov,Female,50.96.169.8
445,Roy,Fields,rfieldscc@dell.com,Male,72.66.94.70
446,Kathy,Gordon,kgordoncd@purevolume.com,Female,223.184.224.150
447,Sharon,Torres,storresce@dell.com,Female,96.206.26.87
448,Frances,George,,Female,38.170.155.14
449,,Hamilton,ahamiltoncg@nytimes.com,Female,221.8.147.102
450,Jesse,White,jwhitech@aol.com,Male,118.63.88.225
451,Samuel,Gray,sgrayci@time.com,Male,242.88.10.179
452,Dorothy,Coleman,dcolemancj@bluehost.com,Female,20.6.62.60
453,Frances,Mendoza,,Female,35.219.227.245
454,Kimberly,Wallace,kwallacecl@wufoo.com,Female,175.251.171.158
455,Ashley,Reyes,areyescm@hc360.com,Female,254.170.199.47
456,Adam,Stephens,astephenscn@slashdot.org,Male,144.155.136.149
457,Susan,,slynchco@woothemes.com,Female,159.231.28.61
458,Julie,Alexander,jalexandercp@accuweather.com,Female,205.203.67.210
459,Christine,Jacobs,cjacobscq@forbes.com,Female,29.187.28.171
460,Ann,Knight,aknightcr@artisteer.com,Female,126.118.52.57
461,Steven,Jones,sjonescs@surveymonkey.com,Male,133.239.42.234
462,Kathleen,Woods,kwoodsct@vinaora.com,Female,169.56.63.148
463,Justin,Gibson,jgibsoncu@tuttocitta.it,Male,227.25.28.161
464,Tammy,Austin,taustincv@nasa.gov,Female,228.21.234.229
465,Kelly,Ryan,kryancw@acquirethisname.com,Female,2.165.135.195
466,Judith,Oliver,jolivercx@pinterest.com,Female,80.125.255.37
467,Linda,Lewis,llewiscy@accuweather.com,Female,
468,Matthew,Myers,mmyerscz@adobe.com,Male,78.75.93.25
469,Rebecca,Grant,rgrantd0@princeton.edu,Female,215.79.123.14
470,,Stone,rstoned1@globo.com,Male,161.33.110.137
471,Linda,Gray,lgrayd2@huffingtonpost.com,Female,116.219.186.38
472,Julia,Hernandez,jhernandezd3@stumbleupon.com,Female,218.61.217.52
473,Harry,Alvarez,halvarezd4@networksolutions.com,Male,181.149.232.193
474,Kevin,Kennedy,kkennedyd5@sun.com,Male,
475,Julia,Mason,jmasond6@indiatimes.com,Female,228.136.143.24
476,Diane,Mills,dmillsd7@google.ru,Female,164.85.193.98
477,Sandra,Fields,sfieldsd8@deviantart.com,Female,148.44.197.163
478,Martha,Peterson,mpetersond9@usa.gov,Female,181.151.144.117
479,Gerald,Stone,gstoneda@google.cn,Male,166.101.18.59
480,Jane,Smith,jsmithdb@usatoday.com,Female,204.247.203.6
481,Ruby,Jacobs,rjacobsdc@etsy.com,Female,19.57.146.92
482,Alice,Fowler,afowlerdd@opera.com,Female,89.32.254.192
483,Nancy,Schmidt,nschmidtde@si.edu,Female,246.248.238.76
484,Sandra,Willis,swillisdf@printfriendly.com,Female,58.95.140.164
485,Nancy,Franklin,nfranklindg@pagesperso-orange.fr,Female,120.2.34.177
486,Karen,Duncan,kduncandh@ucoz.ru,Female,171.3.149.81
487,Stephanie,Welch,swelchdi@accuweather.com,Female,140.59.250.102
488,Albert,Morris,amorrisdj@engadget.com,Male,185.150.122.17
489,Judith,Fowler,jfowlerdk@constantcontact.com,Female,98.64.43.64
490,Larry,,lpowelldl@vistaprint.com,Male,108.96.224.90
491,Jane,Ryan,jryandm@goodreads.com,Female,30.205.171.191
492,Tammy,Boyd,tboyddn@elegantthemes.com,Female,218.245.133.57
493,Laura,Henderson,lhendersondo@elpais.com,Female,145.69.21.194
494,Marie,Watkins,mwatkinsdp@360.cn,Female,200.210.111.11
495,Wanda,Larson,wlarsondq@usatoday.com,Female,93.229.202.69
496,Jose,Flores,jfloresdr@cnbc.com,Male,214.2.53.62
497,Phillip,Simmons,psimmonsds@amazon.de,Male,205.231.4.85
498,Wayne,Kennedy,wkennedydt@washingtonpost.com,Male,
499,Alan,Graham,agrahamdu@google.com.hk,Male,9.214.94.25
500,Harold,White,hwhitedv@vkontakte.ru,Male,168.109.106.194
501,Mary,Williams,mwilliamsdw@4shared.com,Female,202.77.240.95
502,Joe,Jones,jjonesdx@123-reg.co.uk,Male,210.185.27.225
503,Philip,Cole,pcoledy@arizona.edu,Male,219.224.11.121
504,Peter,,pryandz@youku.com,Male,28.221.169.63
505,Barbara,Richardson,brichardsone0@earthlink.net,Female,128.231.179.89
506,David,Davis,ddavise1@wp.com,,79.60.199.88
507,Albert,Simmons,asimmonse2@about.com,Male,143.15.247.225
508,Jean,Barnes,jbarnese3@phpbb.com,Female,221.69.241.33
509,Rebecca,,rbryante4@imgur.com,Female,42.165.160.229
510,Gerald,Myers,gmyerse5@lulu.com,Male,227.248.37.172
511,Janice,Collins,jcollinse6@unicef.org,Female,207.219.160.53
512,Donna,Nichols,dnicholse7@nature.com,Female,34.145.143.132
513,Brian,Perry,bperrye8@xrea.com,Male,199.207.211.193
514,Patricia,Peterson,ppetersone9@4shared.com,Female,235.1.34.247
515,Samuel,Mcdonald,smcdonaldea@ca.gov,Male,
516,Phyllis,West,pwesteb@sourceforge.net,Female,
517,Gerald,Bailey,gbaileyec@google.ru,Male,20.180.120.135
518,,Morgan,rmorganed@addthis.com,Female,188.172.23.100
519,Betty,Fuller,,Female,92.146.67.239
520,Samuel,Bryant,sbryantef@ucoz.com,Male,172.157.53.119
521,Julia,Hughes,jhugheseg@clickbank.net,Female,84.79.80.166
522,Maria,Phillips,mphillipseh@hugedomains.com,Female,39.254.122.62
523,Teresa,Elliott,telliottei@slate.com,Female,227.81.141.47
524,Russell,Perkins,rperkinsej@smugmug.com,Male,253.138.211.204
525,Rose,,,Female,160.161.252.97
526,Roy,Alexander,ralexanderel@edublogs.org,Male,204.66.57.21
527,Virginia,Lee,vleeem@sitemeter.com,Female,153.39.214.22
528,Lois,Miller,lmilleren@networkadvertising.org,Female,231.225.66.200
529,Nancy,Lane,nlaneeo@hibu.com,Female,212.121.185.197
530,Richard,,rhicksep@samsung.com,Male,243.23.234.223
531,Justin,,jstewarteq@tiny.cc,Male,
532,Theresa,Freeman,tfreemaner@zdnet.com,Female,180.7.150.123
533,Carlos,Campbell,ccampbelles@dropbox.com,Male,3.120.162.139
534,Angela,King,akinget@360.cn,Female,129.79.189.5
535,Janet,Mason,jmasoneu@alibaba.com,Female,71.148.137.3
536,Kevin,Bryant,kbryantev@indiatimes.com,Male,170.53.225.118
537,Howard,Greene,hgreeneew@rediff.com,Male,90.240.145.111
538,Maria,Reed,mreedex@addthis.com,Female,138.206.100.210
539,Anne,Thompson,athompsoney@oakley.com,Female,142.172.225.88
540,Peter,Moore,pmooreez@reuters.com,Male,79.242.151.30
541,Andrew,Cole,acolef0@lycos.com,Male,198.82.156.28
542,David,Hicks,dhicksf1@auda.org.au,Male,114.53.89.186
543,Robert,,rpricef2@vkontakte.ru,Male,144.123.224.40
544,Ernest,Henderson,ehendersonf3@ask.com,Male,122.145.138.193
545,Frank,Gonzalez,fgonzalezf4@howstuffworks.com,Male,94.254.195.139
546,Theresa,Castillo,tcastillof5@domainmarket.com,Female,163.6.123.21
547,Lori,Bennett,,Female,168.203.1.43
548,Janet,Weaver,jweaverf7@hud.gov,Female,72.219.58.227
549,Amy,Diaz,adiazf8@cloudflare.com,Female,118.140.150.43
550,Timothy,Lawrence,tlawrencef9@newsvine.com,Male,220.118.247.149
551,Russell,Bennett,rbennettfa@upenn.edu,Male,122.250.145.39
552,Carol,Scott,cscottfb@berkeley.edu,Female,61.129.172.24
553,Alice,Perkins,,Female,17.40.250.156
554,Anna,,areedfd@acquirethisname.com,Female,39.29.196.64
555,Jacqueline,Parker,jparkerfe@youtu.be,Female,54.140.116.74
556,Martin,,msnyderff@macromedia.com,Male,28.181.236.129
557,Kathryn,Kelly,kkellyfg@indiatimes.com,Female,234.111.146.7
558,Kathy,Mitchell,kmitchellfh@yandex.ru,Female,71.93.228.226
559,Raymond,Webb,rwebbfi@state.gov,Male,174.240.112.180
560,James,,jgilbertfj@statcounter.com,Male,76.48.44.252
561,Kathleen,Perkins,kperkinsfk@baidu.com,,82.236.192.26
562,Albert,Collins,acollinsfl@tamu.edu,Male,87.114.245.7
563,Ronald,Chavez,rchavezfm@t.co,Male,91.113.222.21
564,Antonio,Riley,arileyfn@lulu.com,Male,24.109.32.35
565,Henry,Black,hblackfo@networkadvertising.org,Male,217.221.252.221
566,Janice,Hunt,jhuntfp@tinyurl.com,Female,209.184.196.110
567,Sandra,Carroll,scarrollfq@macromedia.com,Female,163.184.33.124
568,Ruby,Hicks,rhicksfr@cmu.edu,Female,254.202.77.25
569,Donald,Lawrence,dlawrencefs@bloglovin.com,Male,39.105.129.101
570,Benjamin,Grant,bgrantft@edublogs.org,Male,111.101.193.17
571,Anthony,,aellisfu@deviantart.com,Male,53.204.212.76
572,Earl,Williamson,ewilliamsonfv@1und1.de,Male,232.243.77.119
573,Alice,Black,ablackfw@gravatar.com,Female,64.81.159.17
574,Kathryn,Snyder,ksnyderfx@cpanel.net,Female,1.202.131.148
575,Eric,Hunter,ehunterfy@is.gd,Male,156.173.218.200
576,Gloria,Garza,ggarzafz@samsung.com,Female,232.242.205.215
577,Julie,Banks,jbanksg0@tiny.cc,Female,183.205.110.95
578,Edward,Meyer,emeyerg1@sun.com,Male,63.83.222.69
579,Johnny,Wheeler,jwheelerg2@guardian.co.uk,Male,164.189.25.116
580,Jeremy,Perkins,jperkinsg3@boston.com,Male,235.229.75.76
581,Fred,Moreno,fmorenog4@amazon.co.jp,Male,255.246.80.21
582,Katherine,Richards,krichardsg5@army.mil,Female,172.183.30.52
583,Robin,Brown,rbrowng6@wired.com,Female,174.190.189.48
584,Brandon,Boyd,bboydg7@narod.ru,Male,60.198.228.237
585,John,Knight,jknightg8@blogspot.com,Male,246.165.18.63
586,Jacqueline,Williams,jwilliamsg9@technorati.com,Female,255.217.142.19
587,Cynthia,,cmillerga@icq.com,Female,50.62.103.205
588,Joyce,,jstonegb@deviantart.com,Female,240.240.32.63
589,Deborah,Arnold,darnoldgc@rakuten.co.jp,Female,30.194.81.26
590,Charles,Vasquez,cvasquezgd@salon.com,Male,
591,Earl,Oliver,eoliverge@netvibes.com,Male,154.58.106.129
592,Michelle,Garcia,mgarciagf@wisc.edu,Female,143.71.9.80
593,Donald,,dblackgg@altervista.org,Male,160.89.28.223
594,Diana,Nguyen,dnguyengh@huffingtonpost.com,Female,78.195.193.117
595,Michael,Jordan,,Male,65.14.45.250
596,Christina,Nelson,cnelsongj@tinyurl.com,Female,156.66.175.88
597,Bruce,Carr,bcarrgk@1und1.de,Male,51.128.123.66
598,Tina,,tmontgomerygl@latimes.com,Female,127.242.229.254
599,Harold,Chapman,,Male,103.29.224.120
600,,Burns,cburnsgn@cmu.edu,Male,218.110.249.154
601,Nancy,Richards,nrichardsgo@ucoz.com,Female,160.184.1.193
602,Katherine,Chavez,kchavezgp@mozilla.org,Female,39.180.78.123
603,Laura,Grant,lgrantgq@examiner.com,Female,97.86.161.135
604,James,Myers,jmyersgr@symantec.com,Male,133.129.242.62
605,Donna,Gilbert,dgilbertgs@europa.eu,Female,154.19.95.153
606,Ashley,Brown,abrowngt@mozilla.org,Female,149.50.11.101
607,Jean,Henry,jhenrygu@blog.com,Female,84.105.111.104
608,Brian,Russell,brussellgv@cocolog-nifty.com,Male,12.162.38.83
609,Earl,Edwards,eedwardsgw@t.co,,164.40.24.226
610,Aaron,Dean,adeangx@archive.org,Male,173.27.83.190
611,James,Edwards,jedwardsgy@mtv.com,Male,148.216.247.119
612,Kimberly,Gordon,kgordongz@businessweek.com,Female,105.218.236.141
613,Andrea,Perez,aperezh0@cnn.com,Female,4.102.121.226
614,Billy,Mitchell,bmitchellh1@ox.ac.uk,Male,130.197.94.241
615,Diane,Smith,dsmithh2@oracle.com,Female,97.235.174.223
616,Cynthia,Ellis,cellish3@gmpg.org,Female,128.116.97.218
617,Carolyn,Mason,cmasonh4@google.com.br,Female,22.213.176.226
618,Bruce,Dunn,bdunnh5@earthlink.net,Male,168.76.113.94
619,,Collins,ccollinsh6@netlog.com,Male,125.195.195.19
620,Shawn,Lawrence,slawrenceh7@artisteer.com,Male,57.215.18.225
621,Jerry,Stanley,jstanleyh8@telegraph.co.uk,Male,23.190.100.128
622,Kathryn,,knelsonh9@shinystat.com,Female,29.209.40.12
623,Anna,Gonzales,agonzalesha@scientificamerican.com,Female,137.112.193.95
624,Amy,Bell,abellhb@newsvine.com,Female,83.57.78.246
625,Justin,Dunn,jdunnhc@nasa.gov,Male,81.33.195.99
626,Beverly,Fowler,bfowlerhd@cafepress.com,Female,81.158.45.80
627,Billy,,bgutierrezhe@wordpress.com,Male,172.210.241.201
628,Michelle,Thomas,mthomashf@si.edu,Female,84.0.38.180
629,Samuel,Fuller,sfullerhg@noaa.gov,Male,25.228.101.130
630,Patrick,Davis,pdavishh@virginia.edu,Male,41.123.217.126
631,Sarah,Kim,skimhi@jugem.jp,Female,238.45.242.221
632,Stephanie,Hall,shallhj@noaa.gov,Female,104.62.242.212
633,Russell,Gibson,rgibsonhk@sohu.com,Male,
634,Aaron,Gray,agrayhl@google.it,Male,66.74.52.39
635,Catherine,Wells,cwellshm@chicagotribune.com,Female,31.23.141.157
636,Rose,Hunter,rhunterhn@accuweather.com,Female,93.171.17.136
637,Scott,Fields,sfieldsho@i2i.jp,Male,56.11.207.83
638,Larry,Hunter,lhunterhp@bloglovin.com,Male,18.253.37.206
639,Jennifer,Rose,jrosehq@ycombinator.com,Female,
640,Patricia,Ford,pfordhr@nsw.gov.au,Female,33.171.251.68
641,Jean,Schmidt,jschmidths@europa.eu,Female,85.114.148.39
642,Dorothy,Romero,dromeroht@mozilla.com,Female,80.228.143.148
643,Benjamin,Kim,bkimhu@rediff.com,Male,36.23.243.27
644,Kimberly,,kgeorgehv@mtv.com,Female,24.1.53.105
645,Sarah,Owens,sowenshw@ftc.gov,Female,64.52.100.123
646,Philip,Bradley,pbradleyhx@time.com,Male,147.11.95.5
647,Joan,Reynolds,jreynoldshy@apache.org,Female,54.150.64.3
648,Judith,Williamson,jwilliamsonhz@cyberchimps.com,Female,20.12.147.62
649,Tammy,Dean,tdeani0@shareasale.com,Female,
650,Judith,Burke,jburkei1@toplist.cz,Female,198.30.152.238
651,Ryan,,rfoxi2@who.int,Male,109.156.172.216
652,Jose,Shaw,jshawi3@narod.ru,Male,44.221.122.219
653,,Barnes,ebarnesi4@cafepress.com,Male,71.191.111.221
654,Justin,,jmorrisoni5@ed.gov,Male,147.239.120.232
655,Bruce,,bevansi6@amazon.co.jp,Male,136.148.154.17
656,Rose,Gonzales,rgonzalesi7@kickstarter.com,Female,60.114.16.51
657,Marilyn,Harvey,mharveyi8@ezinearticles.com,Female,7.161.21.250
658,Walter,Coleman,wcolemani9@woothemes.com,Male,150.252.24.139
659,Jimmy,Montgomery,jmontgomeryia@omniture.com,Male,22.17.209.24
660,Jacqueline,Cook,jcookib@ed.gov,Female,114.220.23.202
661,Terry,Lopez,tlopezic@rambler.ru,Male,250.50.73.240
662,Howard,Mitchell,hmitchellid@storify.com,Male,112.130.204.174
663,Joshua,Fernandez,jfernandezie@redcross.org,Male,216.224.191.206
664,,Rice,ariceif@webeden.co.uk,Male,191.248.103.243
665,Alice,Chapman,achapmanig@altervista.org,Female,247.11.185.79
666,Brandon,Morales,bmoralesih@newsvine.com,Male,70.23.121.158
667,Amanda,Carter,acarterii@discovery.com,Female,119.255.89.48
668,Johnny,Simmons,jsimmonsij@odnoklassniki.ru,Male,88.204.27.208
669,Eugene,,ejacksonik@cdc.gov,Male,22.160.114.221
670,Daniel,Cruz,dcruzil@delicious.com,Male,110.191.245.239
671,Phyllis,Adams,padamsim@simplemachines.org,Female,197.199.193.149
672,Louise,Cole,,Female,45.146.94.35
673,,Willis,pwillisio@hp.com,Male,18.95.229.239
674,Terry,Walker,twalkerip@bing.com,Male,
675,Rachel,Perkins,rperkinsiq@miibeian.gov.cn,Female,3.161.42.163
676,Nancy,Harris,nharrisir@soundcloud.com,Female,218.23.112.47
677,Irene,Murphy,imurphyis@earthlink.net,Female,54.236.250.94
678,Victor,,vwashingtonit@trellian.com,Male,176.227.147.41
679,Willie,Hamilton,whamiltoniu@irs.gov,Male,226.180.12.181
680,Rebecca,Hunt,rhuntiv@aol.com,Female,236.158.134.130
681,Debra,,dlopeziw@msu.edu,Female,75.135.68.165
682,Julie,Phillips,jphillipsix@blinklist.com,Female,175.121.118.215
683,Katherine,Fernandez,kfernandeziy@twitpic.com,Female,178.125.234.108
684,Janice,George,jgeorgeiz@hc360.com,Female,223.191.87.202
685,John,Turner,,Male,154.206.27.153
686,Jesse,Cook,jcookj1@canalblog.com,Male,224.6.17.1
687,Maria,,mmillerj2@nyu.edu,Female,221.108.72.17
688,Nancy,Bryant,nbryantj3@google.es,Female,171.101.150.63
689,Evelyn,,eperezj4@bbc.co.uk,Female,81.208.126.84
690,Kathy,Daniels,kdanielsj5@alexa.com,Female,242.10.75.72
691,Elizabeth,Harvey,eharveyj6@scientificamerican.com,Female,112.253.254.40
692,Earl,Long,elongj7@netlog.com,Male,32.12.140.7
693,Tammy,Olson,tolsonj8@sciencedaily.com,Female,184.127.126.23
694,Nicholas,Fisher,nfisherj9@europa.eu,Male,87.46.41.206
695,Fred,Mills,fmillsja@123-reg.co.uk,Male,65.70.104.187
696,Harold,Bennett,hbennettjb@pagesperso-orange.fr,Male,180.119.193.212
697,Theresa,Burton,tburtonjc@cornell.edu,Female,148.29.34.88
698,,Graham,agrahamjd@reference.com,Male,242.228.237.104
699,Lisa,,lromeroje@acquirethisname.com,Female,6.30.68.139
700,Mark,,mcampbelljf@apple.com,Male,16.173.49.206
701,Kevin,Howard,khowardjg@washingtonpost.com,Male,214.217.39.236
702,Rose,Richards,rrichardsjh@mtv.com,Female,154.136.147.207
703,,Barnes,bbarnesji@paginegialle.it,Male,64.53.134.125
704,Kevin,Marshall,kmarshalljj@networkadvertising.org,Male,170.206.111.162
705,Jennifer,Morrison,jmorrisonjk@dot.gov,Female,84.125.191.244
706,Antonio,Ray,arayjl@yolasite.com,Male,113.67.36.149
707,Tammy,Lewis,tlewisjm@scribd.com,Female,234.110.132.129
708,Bonnie,Ross,brossjn@army.mil,Female,
709,Beverly,Carr,bcarrjo@infoseek.co.jp,Female,37.234.145.29
710,Bobby,Elliott,belliottjp@e-recht24.de,Male,79.83.241.57
711,Sean,Sullivan,ssullivanjq@uol.com.br,Male,187.3.213.135
712,Brenda,Jackson,bjacksonjr@harvard.edu,Female,231.209.243.57
713,Dennis,Brown,dbrownjs@upenn.edu,Male,96.115.187.164
714,Rebecca,Black,rblackjt@xing.com,,231.209.46.225
715,Clarence,,cburnsju@jimdo.com,Male,234.166.229.23
716,Ashley,Matthews,amatthewsjv@biglobe.ne.jp,Female,115.202.73.186
717,Gerald,Lee,gleejw@github.com,Male,149.155.32.69
718,Debra,Russell,drusselljx@usa.gov,Female,155.93.189.31
719,Kevin,Boyd,kboydjy@businessinsider.com,Male,105.41.188.49
720,Rebecca,Kennedy,rkennedyjz@umich.edu,Female,201.238.124.131
721,Jimmy,Sanchez,jsanchezk0@facebook.com,Male,114.96.151.186
722,Jerry,Fields,jfieldsk1@marriott.com,Male,88.101.10.73
723,Jeffrey,Webb,jwebbk2@sohu.com,Male,73.172.83.37
724,Patrick,,poliverk3@answers.com,Male,180.19.56.86
725,Teresa,Hart,thartk4@goo.ne.jp,Female,90.92.105.35
726,Benjamin,Morales,bmoralesk5@dagondesign.com,Male,
727,Amanda,Grant,agrantk6@ucsd.edu,Female,98.235.66.247
728,Sara,,shendersonk7@samsung.com,Female,143.57.172.73
729,Henry,Sanders,hsandersk8@berkeley.edu,Male,192.0.42.156
730,Terry,Robinson,,Male,65.160.249.118
731,Ernest,,ehamiltonka@kickstarter.com,Male,
732,Jose,Vasquez,jvasquezkb@bravesites.com,Male,190.251.241.131
733,Juan,Perez,jperezkc@technorati.com,Male,59.15.208.161
734,Mark,Watkins,mwatkinskd@sbwire.com,Male,30.18.16.217
735,Dennis,Williams,dwilliamske@studiopress.com,Male,27.171.147.141
736,Russell,,rwoodkf@studiopress.com,Male,187.218.11.48
737,Joe,Wright,jwrightkg@bigcartel.com,Male,72.179.77.254
738,Katherine,Perkins,kperkinskh@google.com.au,Female,4.21.159.74
739,James,Hansen,jhansenki@eepurl.com,Male,56.32.174.122
740,Todd,Hill,thillkj@sohu.com,Male,121.6.100.140
741,Sandra,Holmes,sholmeskk@vk.com,Female,20.17.82.142
742,Larry,Ray,,Male,
743,Sandra,Davis,sdaviskm@histats.com,Female,30.205.246.74
744,Alan,,ahunterkn@utexas.edu,Male,60.6.188.7
745,Cynthia,Perez,cperezko@dagondesign.com,Female,5.131.198.227
746,Gregory,Porter,gporterkp@ebay.co.uk,Male,150.40.40.129
747,Willie,Griffin,wgriffinkq@sina.com.cn,Male,214.228.231.81
748,Gregory,Arnold,garnoldkr@bbc.co.uk,Male,25.238.202.38
749,Carl,Garrett,cgarrettks@prlog.org,Male,115.168.153.92
750,,Hill,jhillkt@wikipedia.org,Female,124.4.111.30
751,Paul,Holmes,pholmesku@sakura.ne.jp,Male,251.244.59.198
752,Carol,Chavez,cchavezkv@lulu.com,Female,
753,Jonathan,Garrett,jgarrettkw@sphinn.com,Male,181.242.154.76
754,Karen,Hunter,khunterkx@artisteer.com,Female,225.236.15.224
755,Amanda,Walker,awalkerky@unc.edu,Female,189.65.123.109
756,Gregory,Jacobs,gjacobskz@admin.ch,Male,44.126.136.201
757,Michelle,Walker,mwalkerl0@devhub.com,Female,9.122.101.113
758,Norma,,npricel1@t.co,Female,161.42.201.41
759,Keith,Austin,kaustinl2@nhs.uk,Male,143.119.15.152
760,Jonathan,Graham,jgrahaml3@tripod.com,Male,95.43.232.126
761,Mildred,,mmeyerl4@ucoz.ru,Female,72.10.183.4
762,Sharon,Rogers,srogersl5@usgs.gov,Female,
763,Matthew,Harper,mharperl6@house.gov,Male,204.73.181.56
764,Sandra,George,sgeorgel7@time.com,Female,217.71.89.89
765,Julie,Watkins,jwatkinsl8@prnewswire.com,Female,126.220.173.158
766,Carol,Moreno,cmorenol9@163.com,Female,71.62.33.49
767,Larry,Mccoy,lmccoyla@who.int,Male,
768,Annie,Lewis,alewislb@nih.gov,Female,
769,Scott,Pierce,spiercelc@vk.com,Male,
770,Bonnie,,bharveyld@state.tx.us,Female,194.190.102.97
771,Andrew,Edwards,aedwardsle@nhs.uk,Male,110.73.130.216
772,Philip,Hamilton,phamiltonlf@pagesperso-orange.fr,Male,188.133.162.165
773,Jane,,jmatthewslg@amazon.de,Female,244.31.242.167
774,Marie,Mccoy,mmccoylh@hp.com,Female,233.210.174.236
775,Adam,Cunningham,acunninghamli@ebay.com,Male,30.44.208.121
776,Andrew,Ward,awardlj@hubpages.com,Male,203.219.184.99
777,Tammy,,tramirezlk@plala.or.jp,Female,203.5.151.91
778,Judith,Burke,jburkell@google.co.uk,Female,41.30.145.240
779,Harold,Bishop,hbishoplm@icio.us,Male,181.119.179.13
780,Jerry,Williamson,jwilliamsonln@wikimedia.org,Male,222.111.162.252
781,Karen,Lewis,klewislo@cloudflare.com,Female,54.77.78.233
782,Maria,Castillo,,Female,79.63.193.108
783,Adam,Porter,aporterlq@sun.com,Male,134.133.203.108
784,Beverly,Sullivan,bsullivanlr@printfriendly.com,,229.133.51.44
785,Nancy,Medina,nmedinals@about.com,Female,124.51.253.30
786,Andrew,Gonzales,agonzaleslt@npr.org,Male,128.144.4.215
787,Stephen,Peters,speterslu@bloglovin.com,Male,194.117.211.227
788,Charles,Howard,chowardlv@clickbank.net,Male,17.251.32.139
789,Juan,,jryanlw@usda.gov,Male,130.185.253.162
790,Rebecca,Gutierrez,rgutierrezlx@biglobe.ne.jp,Female,
791,Victor,Allen,vallenly@omniture.com,,158.18.183.65
792,Diana,Barnes,dbarneslz@dot.gov,Female,
793,Adam,Harper,aharperm0@census.gov,Male,62.49.14.5
794,Julia,Lynch,jlynchm1@stanford.edu,Female,46.54.226.155
795,Theresa,Jordan,tjordanm2@washington.edu,Female,250.103.132.146
796,Patricia,Russell,prussellm3@si.edu,Female,28.118.240.197
797,Thomas,Hernandez,thernandezm4@sina.com.cn,Male,43.70.90.27
798,Amanda,Reynolds,areynoldsm5@chicagotribune.com,Female,73.170.34.236
799,Howard,Gonzales,hgonzalesm6@gnu.org,Male,91.64.120.67
800,Jose,,jbowmanm7@slate.com,Male,137.19.47.201
801,Christopher,Howell,chowellm8@ucoz.com,Male,161.190.140.177
802,Thomas,Brown,tbrownm9@tumblr.com,Male,117.226.187.220
803,Lisa,Murray,lmurrayma@xing.com,Female,222.184.230.35
804,Amanda,Gomez,agomezmb@merriam-webster.com,Female,128.14.243.133
805,,Alvarez,dalvarezmc@exblog.jp,Male,57.176.251.145
806,Anne,Hansen,ahansenmd@elpais.com,Female,77.77.210.149
807,Paula,Dean,pdeanme@indiegogo.com,Female,
808,Catherine,Watson,cwatsonmf@amazon.com,Female,43.229.45.46
809,Irene,Hawkins,ihawkinsmg@facebook.com,Female,16.180.245.179
810,Brandon,Carroll,bcarrollmh@abc.net.au,Male,14.25.237.143
811,Larry,Hunter,lhuntermi@goo.gl,Male,0.218.5.18
812,Brian,Ryan,bryanmj@admin.ch,Male,69.26.216.232
813,Bobby,Richards,brichardsmk@telegraph.co.uk,Male,133.183.88.59
814,,,khillml@reddit.com,Male,11.16.250.217
815,Margaret,Ray,mraymm@npr.org,Female,
816,Amanda,Weaver,aweavermn@list-manage.com,Female,16.189.237.57
817,,Dunn,bdunnmo@java.com,Male,162.117.183.57
818,Karen,Alvarez,kalvarezmp@a8.net,Female,226.98.93.21
819,Gary,Rodriguez,grodriguezmq@oakley.com,Male,201.87.156.57
820,Heather,Thompson,hthompsonmr@csmonitor.com,Female,
821,Angela,Rodriguez,arodriguezms@wikipedia.org,Female,93.154.242.2
822,Alice,Watson,awatsonmt@constantcontact.com,Female,206.82.2.186
823,Christina,Roberts,,Female,12.164.227.29
824,Rebecca,Gonzalez,rgonzalezmv@irs.gov,Female,13.170.83.57
825,Phyllis,,pjordanmw@about.me,Female,243.125.125.248
826,Jeffrey,Mason,jmasonmx@gov.uk,Male,230.231.138.249
827,Earl,Wilson,ewilsonmy@github.com,Male,235.177.207.66
828,Ashley,Carter,acartermz@123-reg.co.uk,Female,91.223.230.218
829,Jessica,Hall,jhalln0@umich.edu,Female,168.187.212.237
830,Jonathan,Rodriguez,jrodriguezn1@europa.eu,Male,
831,Raymond,Garrett,rgarrettn2@google.com,Male,227.43.94.2
832,Mary,Hamilton,mhamiltonn3@fema.gov,Female,156.129.189.43
833,Catherine,Foster,cfostern4@businessweek.com,Female,15.219.213.13
834,Kevin,Mason,kmasonn5@intel.com,Male,126.97.4.155
835,Debra,Peters,dpetersn6@ebay.com,Female,206.241.4.253
836,Antonio,Garcia,agarcian7@thetimes.co.uk,Male,38.46.223.170
837,Brenda,Fox,bfoxn8@mediafire.com,Female,215.101.11.226
838,Gary,,ghilln9@mapy.cz,Male,87.146.243.96
839,Joyce,Hamilton,jhamiltonna@dedecms.com,Female,140.179.15.28
840,Christine,Arnold,carnoldnb@rakuten.co.jp,Female,51.56.180.135
841,Evelyn,Bailey,ebaileync@wsj.com,Female,7.30.250.150
842,Susan,Mitchell,smitchellnd@cdbaby.com,Female,
843,Ashley,,akellyne@php.net,Female,4.40.50.120
844,Christina,Long,clongnf@unesco.org,Female,79.60.36.104
845,Kimberly,Simpson,ksimpsonng@bloglovin.com,Female,228.65.30.169
846,Jerry,Mason,jmasonnh@amazon.co.jp,Male,234.84.146.38
847,Donna,,dwellsni@bbb.org,Female,95.77.141.11
848,Richard,,rdeannj@flickr.com,Male,225.100.166.114
849,James,,jarnoldnk@wordpress.com,Male,197.94.23.185
850,Alan,,aburtonnl@google.cn,Male,57.125.208.190
851,Carolyn,Griffin,cgriffinnm@jimdo.com,Female,188.146.175.121
852,Ashley,Riley,arileynn@deviantart.com,Female,69.216.12.10
853,Christopher,Hamilton,chamiltonno@skyrock.com,Male,140.145.142.119
854,Anne,Gordon,agordonnp@people.com.cn,Female,131.143.40.235
855,Ralph,Cooper,rcoopernq@imageshack.us,Male,18.136.109.103
856,Ryan,Fisher,rfishernr@va.gov,Male,74.111.168.186
857,Jacqueline,Cox,jcoxns@yahoo.co.jp,Female,12.84.20.40
858,Stephanie,Diaz,sdiaznt@sciencedaily.com,Female,123.184.89.74
859,Walter,Kelly,wkellynu@gizmodo.com,Male,229.12.211.249
860,Jack,Freeman,jfreemannv@illinois.edu,Male,113.233.136.124
861,Catherine,Moore,cmoorenw@alexa.com,Female,192.203.118.234
862,Rebecca,Green,rgreennx@squidoo.com,Female,97.248.169.111
863,Frances,,fwilliamsny@bravesites.com,Female,191.3.224.28
864,Phyllis,,prodrigueznz@drupal.org,Female,63.152.93.161
865,Randy,Burke,rburkeo0@utexas.edu,Male,57.15.138.149
866,Jose,Hernandez,jhernandezo1@blog.com,Male,18.203.196.71
867,Julie,Ford,jfordo2@fotki.com,Female,41.181.153.61
868,Maria,Cole,mcoleo3@mac.com,Female,217.134.130.39
869,Jacqueline,Thomas,jthomaso4@mac.com,Female,106.231.39.134
870,Douglas,Brown,dbrowno5@ustream.tv,Male,183.126.161.105
871,John,Moreno,jmorenoo6@mlb.com,Male,14.79.227.166
872,Lisa,Stone,lstoneo7@europa.eu,Female,71.250.70.34
873,Mildred,Murphy,,Female,243.22.39.167
874,Frances,Black,fblacko9@istockphoto.com,Female,46.91.14.134
875,Edward,Stephens,estephensoa@gnu.org,Male,198.113.148.22
876,Ashley,Montgomery,amontgomeryob@tumblr.com,Female,197.192.95.84
877,Dennis,,dwoodoc@canalblog.com,,43.208.87.63
878,Joan,Scott,jscottod@hatena.ne.jp,Female,232.162.173.249
879,Cheryl,Martin,cmartinoe@altervista.org,Female,
880,Phillip,Grant,pgrantof@domainmarket.com,Male,
881,Eric,Adams,eadamsog@businessinsider.com,Male,236.138.255.50
882,Margaret,King,mkingoh@fc2.com,Female,236.83.172.130
883,Shirley,Fox,sfoxoi@amazon.co.uk,Female,3.144.111.238
884,Susan,Thompson,sthompsonoj@mail.ru,Female,150.254.22.187
885,Scott,Kim,skimok@flickr.com,Male,61.218.203.23
886,Lillian,,lbrooksol@yahoo.com,Female,175.136.146.195
887,Annie,Wagner,awagnerom@bloglines.com,Female,103.119.96.180
888,Bobby,Lopez,blopezon@nba.com,Male,
889,Paula,Tucker,ptuckeroo@cpanel.net,Female,205.94.41.248
890,Rachel,Welch,rwelchop@tuttocitta.it,Female,11.242.50.108
891,Lisa,Dean,ldeanoq@noaa.gov,Female,251.213.45.136
892,Annie,Garrett,agarrettor@baidu.com,Female,124.252.235.187
893,Patrick,Black,pblackos@whitehouse.gov,Male,50.228.16.32
894,Helen,Rogers,hrogersot@boston.com,Female,130.117.104.106
895,Eric,Richards,erichardsou@youtube.com,Male,110.30.165.228
896,Joan,Foster,jfosterov@yahoo.com,Female,11.187.117.27
897,Jason,Richardson,jrichardsonow@simplemachines.org,Male,28.207.103.190
898,Dennis,Parker,dparkerox@nifty.com,Male,221.106.75.121
899,Christine,Patterson,cpattersonoy@wsj.com,Female,43.130.92.137
900,Ralph,Coleman,rcolemanoz@multiply.com,Male,182.173.197.158
901,Susan,,srichardsp0@ycombinator.com,Female,
902,Stephen,Young,syoungp1@cocolog-nifty.com,Male,125.239.138.133
903,Keith,Price,kpricep2@nymag.com,Male,63.203.128.69
904,Martin,,mchapmanp3@un.org,Male,170.215.60.31
905,Jessica,Daniels,jdanielsp4@ihg.com,Female,158.227.106.61
906,Arthur,Cruz,acruzp5@wordpress.org,Male,234.153.237.148
907,Christina,Palmer,cpalmerp6@boston.com,Female,239.88.252.34
908,Nancy,Welch,nwelchp7@ocn.ne.jp,Female,125.81.234.113
909,Randy,Boyd,rboydp8@uol.com.br,Male,124.207.184.204
910,Laura,Lane,llanep9@icq.com,Female,164.192.204.176
911,Lisa,Knight,lknightpa@domainmarket.com,Female,93.114.108.99
912,Kimberly,Hart,khartpb@howstuffworks.com,Female,12.197.161.110
913,Theresa,Armstrong,tarmstrongpc@marriott.com,Female,33.82.225.173
914,Gloria,Mcdonald,gmcdonaldpd@bloglovin.com,Female,251.159.156.168
915,Jerry,Morrison,jmorrisonpe@amazon.de,Male,15.175.179.97
916,Carolyn,Greene,cgreenepf@gnu.org,Female,252.158.168.250
917,Jimmy,Ortiz,jortizpg@php.net,Male,240.107.123.233
918,Charles,Ford,cfordph@google.pl,Male,15.98.122.67
919,Peter,Ortiz,portizpi@sina.com.cn,Male,193.0.182.208
920,Mary,Oliver,moliverpj@hc360.com,Female,118.253.109.160
921,Cynthia,,cwilliamspk@marketwatch.com,Female,146.21.107.220
922,Susan,Hart,shartpl@dedecms.com,Female,20.148.96.130
923,Benjamin,Cunningham,bcunninghampm@webs.com,Male,90.77.192.33
924,Richard,Fox,rfoxpn@arizona.edu,Male,188.253.229.196
925,Evelyn,Bowman,,Female,90.255.150.164
926,Laura,Campbell,lcampbellpp@noaa.gov,Female,73.251.107.206
927,Bonnie,Dunn,bdunnpq@bbb.org,Female,36.27.216.7
928,Carol,Wagner,cwagnerpr@yahoo.co.jp,Female,85.49.246.187
929,Robert,Carr,rcarrps@istockphoto.com,Male,162.67.183.1
930,Brandon,Alexander,balexanderpt@devhub.com,Male,107.100.80.112
931,Julie,Dixon,jdixonpu@kickstarter.com,Female,125.172.15.182
932,Bonnie,Sullivan,bsullivanpv@bizjournals.com,Female,107.37.232.121
933,Melissa,Jacobs,mjacobspw@shareasale.com,Female,148.107.68.73
934,Diana,Davis,ddavispx@google.it,Female,187.212.184.49
935,George,Williams,gwilliamspy@indiegogo.com,Male,5.66.18.162
936,Julia,Simpson,jsimpsonpz@army.mil,Female,
937,Christina,Hunt,chuntq0@globo.com,Female,248.2.244.56
938,Gloria,Long,glongq1@weibo.com,,
939,Benjamin,Knight,bknightq2@usda.gov,Male,108.209.55.107
940,Tammy,Oliver,toliverq3@google.co.uk,Female,
941,Bobby,Schmidt,bschmidtq4@arizona.edu,Male,193.153.167.0
942,Brenda,Shaw,bshawq5@upenn.edu,Female,43.156.144.224
943,Norma,Banks,nbanksq6@businessinsider.com,Female,3.254.238.50
944,Shawn,,scollinsq7@fc2.com,Male,144.114.162.171
945,Jeremy,Gilbert,jgilbertq8@angelfire.com,Male,227.201.173.176
946,Amy,Welch,awelchq9@intel.com,Female,80.100.80.54
947,Willie,Harrison,wharrisonqa@plala.or.jp,Male,153.177.247.87
948,George,Rice,griceqb@yellowpages.com,Male,111.33.209.15
949,Andrew,,aperkinsqc@ning.com,Male,173.32.14.27
950,Christina,Flores,cfloresqd@usgs.gov,Female,93.192.214.58
951,Shirley,Jones,sjonesqe@livejournal.com,Female,139.234.141.102
952,Carlos,Mcdonald,cmcdonaldqf@over-blog.com,Male,65.0.196.80
953,Martha,Warren,mwarrenqg@marketwatch.com,Female,249.46.137.157
954,Ann,Bowman,abowmanqh@theglobeandmail.com,Female,146.238.112.59
955,Linda,Black,lblackqi@economist.com,Female,74.235.243.163
956,Antonio,Jones,,Male,58.51.184.102
957,John,West,jwestqk@live.com,Male,60.244.37.41
958,,Lawrence,jlawrenceql@usa.gov,Male,141.24.193.206
959,Joshua,Oliver,joliverqm@skype.com,Male,135.201.194.59
960,Diana,Perkins,dperkinsqn@gmpg.org,Female,114.106.216.86
961,Amy,Greene,agreeneqo@wikispaces.com,Female,
962,Catherine,Taylor,ctaylorqp@jugem.jp,Female,129.214.183.60
963,Jane,Perez,jperezqq@freewebs.com,Female,98.132.84.31
964,Andrea,Johnson,ajohnsonqr@canalblog.com,Female,120.248.199.104
965,Catherine,Jordan,cjordanqs@dmoz.org,Female,22.74.40.23
966,Joshua,,jmorrisonqt@ucla.edu,Male,153.28.61.20
967,Cheryl,Thomas,cthomasqu@trellian.com,Female,221.54.17.123
968,Ryan,Williamson,rwilliamsonqv@printfriendly.com,Male,131.90.227.51
969,Russell,,rcrawfordqw@sourceforge.net,Male,159.164.113.152
970,Craig,Kim,ckimqx@mozilla.org,Male,21.11.240.149
971,Daniel,Morales,dmoralesqy@time.com,Male,249.202.168.232
972,Jeffrey,Vasquez,jvasquezqz@jiathis.com,Male,113.75.200.83
973,Jeremy,Willis,jwillisr0@amazon.de,Male,109.41.228.174
974,Marilyn,Grant,mgrantr1@comsenz.com,Female,81.245.203.25
975,Janice,Lewis,jlewisr2@yellowbook.com,Female,116.179.64.95
976,,Spencer,dspencerr3@mozilla.com,Female,202.50.26.186
977,Sarah,Phillips,sphillipsr4@weibo.com,Female,174.150.217.212
978,Tina,Peterson,tpetersonr5@miibeian.gov.cn,Female,90.224.203.232
979,Gloria,Peterson,gpetersonr6@chicagotribune.com,Female,104.41.45.128
980,Amy,,asimsr7@blinklist.com,Female,
981,Louise,Cooper,lcooperr8@hp.com,Female,196.155.112.112
982,Nicole,Morrison,nmorrisonr9@dropbox.com,Female,180.0.49.234
983,George,Marshall,gmarshallra@unblog.fr,Male,135.218.185.23
984,Sarah,Hicks,shicksrb@cocolog-nifty.com,Female,232.195.223.200
985,Jonathan,,jhallrc@hibu.com,Male,179.196.242.156
986,Sean,Long,slongrd@dropbox.com,Male,21.163.91.142
987,Fred,Price,fpricere@cisco.com,Male,118.55.73.226
988,Charles,Hamilton,chamiltonrf@illinois.edu,Male,237.137.240.131
989,Marilyn,,mromerorg@vk.com,Female,210.24.193.9
990,Walter,Gray,wgrayrh@ehow.com,Male,82.155.146.169
991,Earl,Long,elongri@kickstarter.com,Male,
992,Beverly,Johnson,bjohnsonrj@alibaba.com,Female,152.253.6.71
993,Kimberly,Mills,kmillsrk@jimdo.com,Female,
994,Christina,Peters,cpetersrl@ihg.com,Female,113.118.196.4
995,Andrea,Edwards,aedwardsrm@google.com.hk,Female,106.101.73.165
996,Jesse,Myers,jmyersrn@purevolume.com,Male,38.62.101.246
997,Jerry,Hansen,jhansenro@spiegel.de,Male,
998,William,Bell,wbellrp@instagram.com,Male,199.56.105.52
999,Cynthia,Baker,cbakerrq@nymag.com,,159.58.95.44
1000,Douglas,Griffin,dgriffinrr@booking.com,Male,97.173.130.160
